STDEV,Rad,Ibal,Nata,Patri,Visi,Romo,Cren,Atel,Bren,Abit,Ixe,Ola,Mepo,Pani,Boco,Duli,Mat,Emi,Goli,Pina,Elot,Ficla,Gani,Tremel
0.01526,0.068298354,0.046542181,0.004608928,0.066323655,0.086344001,0.220745758,0.090125442,0.092767927,0.114538903,0.239202547,0.013622818,0.003606202,0.243896813,0.084576261,0.120117043,0.046217579,0.233163344,0.124163422,0.205699874,0.174487178,0.005012187,0.191795982,0.173519655,0.169556589
0.004579,0.050408158,0.028835467,0.078690165,0.059984988,0.037367723,0.208683442,0.033037626,0.038113677,0.131646321,0.254096587,0,0.032876171,0.201308189,0.007687626,0.102148646,0.059618535,0.240465526,0.129425867,0.205657534,0.160583469,0.005721592,0.153798782,0.153486089,0.182602011
0.001526,0.001560409,0.02074554,0.013387077,0.083731737,0.049025792,0.19155694,0.005640096,0.005162569,0.136905688,0.18243725,0.069172342,0.03226269,0.189483903,0.002709665,0.377845146,0.011531236,0.196397443,0.057408562,0.089935478,0.099528204,0.006418164,0.12188261,0.190660294,0.117112956
0.0004579,0.0087282,0.016813308,0.043695994,0.061852346,0.042028716,0.048961488,0.00414889,0.004914823,0.092238346,0.019128017,0.078971549,0.062333231,0.007771244,0.004611731,0.292219374,0.072662563,0.018830076,0.062017394,0.000858309,0.003257536,0.005972344,0.006642868,0.201160676,0.00051697
0.0001526,0.003192053,0.010226148,0.018758148,0.093605011,0.003142324,0.0178651,0.014790359,0.01078624,0.024491649,0.01210515,0.114189613,0.01106649,0.002150517,0.007121296,0.205405702,0.030544173,0.004786619,0.048594943,0.003089919,0.003326781,0.006265871,0.006146807,0.204890061,0.005931241
0.00004579,0.039013332,0.034937058,0.018822991,0.030862127,0.022742594,0.037201237,0.030851897,0.032015726,0.032292883,0.026354544,0.009044494,0.019080155,0.006594686,0.004928311,0.06594911,0.012053766,0.002396898,0.003388622,0.004185221,0.006514085,0.011541128,0.026413063,0.033805432,0.029490223
