[mAb],Elot.3,Cren.3,Abit.3,Duli.3,Emi.3,Ixe.3,Visi.3,Boco.3,Elot.10,Cren.10,Abit.10,Duli.10,Emi.10,Ixe.10,Visi.10,Boco.10,Elot.30,Cren.30,Abit.30,Duli.30,Emi.30,Ixe.30,Visi.30,Boco.30
15.26,0.001544643,0.026885508,0.079401614,0.417242548,0.676729552,1,1.267977028,2.308517204,0.001115937,0.004670937,0.076785841,0.43019363,0.563549927,1,1.146636816,2.094951066,0.001824606,0.000923364,0.040820194,0.407672179,0.526305253,1,1.072302307,1.953148852
4.579,0.001369332,0.013091367,0.110340347,0.385375747,0.649500127,0.915613266,1.130652596,2.43592647,0.003037867,0.004264596,0.104529864,0.430109049,0.570245635,0.891736407,1.07197383,2.14369922,0.002955766,0.000852462,0.076407534,0.389190483,0.510091913,0.972256889,1.02283468,2.015084862
1.526,0.00112125,0.013498607,0.118889355,0.348526259,0.609160632,0.826237997,0.999782072,2.228585957,0.002123095,0.003384823,0.100308928,0.400390431,0.532681709,0.809468793,0.962959748,2.085917222,0.002806381,0.000861588,0.059890897,0.347798679,0.476851265,0.836799255,0.866628915,1.877385019
0.4579,0.000337333,0.00683158,0.027324258,0.219731509,0.43087143,0.569630012,0.637500727,1.812515629,0.002624494,0.003079784,0.025896922,0.258372964,0.374126287,0.576731241,0.651107434,1.704801711,0.003218253,0.002320543,0.009139788,0.207597867,0.30610338,0.593088734,0.549109747,1.603925918
