[mAb],Elot,Cren,Abit,Duli,Emi,Ixe,Ibal,Mat,Trem,Goli,Visi,Patri,Ficla,Romo,Atel,Rad,Gani,Boco
15.26,0.004746529,0.006726243,0.092585318,0.2785546,0.793685375,1,0.002917518,0.136650688,0.034018832,0.024929729,1.181507704,0.51954174,0.04812146,0.068931652,0.009957918,0.028898684,1.296441188,1.698087604
4.579,0.004095886,0.004895627,0.099706047,0.248889749,0.711039318,0.943342702,0.002845004,0.118768514,0.008988814,0.006822666,1.095080999,0.693745376,0.047313127,0.08745936,0.008675185,0.026466546,1.261642621,1.699852548
1.526,0.003378227,0.00351412,0.113553535,0.214823145,0.650104622,0.843293295,0.002537865,0.062752028,0.002258517,0.002605785,0.928362093,0.708167862,0.031967582,0.066161617,0.005001153,0.017140304,1.195736968,1.558958583
0.4579,0.003048088,0.0030881,0.053996305,0.141462572,0.535535741,0.63327447,0.00224998,0.010672287,0.001905957,0.002163736,0.641760629,0.519947786,0.02035402,0.042076022,0.002504042,0.005581861,0.988479745,1.098302111
0.1526,0.003506764,0.003564431,0.018882922,0.053275989,0.235763533,0.333743542,0.003078979,0.003377723,0.002707334,0.00256775,0.189323319,0.186384102,0.004062724,0.01023913,0.003130337,0.00227619,0.583372799,0.556147201
0.04579,0.006203224,0.006255749,0.007606244,0.017469716,0.019961826,0.018793182,0.005462581,0.005317492,0.005896574,0.006383318,0.005161356,0.007282211,0.005220162,0.005469277,0.006346836,0.004594766,0.048732713,0.069179635
0.01526,0.012554978,0.013400521,0.013320007,0.023087853,0.011770661,0.01152352,0.012324935,0.016006404,0.014465319,0.013350779,0.011912638,0.011733039,0.010333841,0.010002641,0.014093594,0.011057012,0.015569862,0.025397404
