,Elot,Cren,Abit,Duli,Emi,Ixe,Ibal,Mat,Trem,Goli,Visi,Patri,Ficla,Romo,Atel,Rad,Gani,Boco
15.26,0.003978875,0.003990572,0.09441954,0.056488043,0.207260885,0,0.001802503,0.127617827,0.04697961,0.036757635,0.081189666,0.129549685,0.072789418,0.06004038,0.013034788,0.047986435,0.296552908,0.388875933
4.579,0.002436302,0.003329737,0.081910589,0.049230501,0.068563604,0.058978558,0.001957475,0.122075203,0.009580502,0.006788993,0.049869356,0.192543479,0.073488429,0.095862915,0.011396425,0.04383635,0.307601023,0.40914558
1.526,0.001741109,0.001825924,0.065501965,0.036827873,0.062269077,0.05519145,0.00153708,0.082825207,0.000622394,0.000984739,0.024368008,0.149663698,0.048640647,0.067989706,0.005355105,0.027682641,0.335623385,0.4096405
0.4579,0.001457841,0.001547346,0.053212951,0.0425873,0.057721814,0.084656872,0.00124482,0.011500093,0.001346567,0.001460581,0.086276078,0.124903361,0.031096054,0.040053533,0.000843557,0.007268532,0.235992778,0.209476502
0.1526,0.001864286,0.001777431,0.038012431,0.027114213,0.09781274,0.087877042,0.001680349,0.001585157,0.001793648,0.001900632,0.159053824,0.036132632,0.002659885,0.009356234,0.00019815,0.000388233,0.120759792,0.248707935
0.04579,0.003276114,0.002981681,0.005686687,0.005272857,0.035478968,0.012092259,0.003807583,0.003139678,0.003412408,0.005182448,0.002997457,0.003446248,0.001036588,0.001623908,0.000744802,0.000775911,0.043260024,0.065433545
0.01526,0.007132138,0.005857009,0.005770581,0.009864581,0.007112547,0.004647016,0.01015836,0.011149144,0.010338721,0.010405425,0.007860963,0.00717858,0.00156328,0.00212742,0.000853223,0.001851239,0.00300453,0.0080869
