,ANT Transform,PSY Transform
E43-06-52W,-2.588943253,-0.747261913
EM-02-52W,-2.65450527,-0.549499675
E43-06-55W,-2.714623747,-1.703384137
EM-02-55W,-2.818142954,-1.403715896
