,ANT Transform,PSY Transform
E18-06-52W,-2.008353548,-1.492799936
E24-32-52W,-0.973395693,-1.825532858
E18-06-55W,-1.325850528,-2.424996679
E24-32-55W,-2.690003084,-1.529790431
