ANT,ANT,OVA
Lenz_WT,1,1
L89,0.117424698,0.529152369
L90,0.007958788,0.461221721
L91,0.005479733,2.064170161
L92,0.003718442,0.785707166
L93,0.00228322,1.973171869
L95,0.00241376,1.886029437
L96,0.000391364,0.751242127
L97,0.001304657,0.088818377
L98,0.002022243,0.716824413
L99,0.001500467,0.390613722
L104,0.001304734,0.87348065
L105,0.000521853,1.199686391
L106,0.000391389,0.206631812
L107,0.000391389,0.350240474
L108,0.002805124,1.916405781
L109,0.000521878,0.654991629
L110,0.000391466,0.355633386
