,SMP7,,SMP6,
Boco,8058,0.90902553,4698,0.913553687
Duli,2288,0.217427784,2738,0.530217094
Elot,474,0,27,0
Emi,6436,0.714611051,4105,0.797574809
Ixe,8817,1,5140,1
Lenzi,6153,0.680690399,3752,0.728535107
Tras,362,-0.013424428,16,-0.002151379
